bioguide,name,opensecrets,rss_url,state,twitter,twitter_id
B000944,Sherrod Brown,N00003535,http://www.brown.senate.gov/rss/feeds/?type=all&amp;,OH,SenSherrodBrown,43910797
C000127,Maria Cantwell,N00007836,http://www.cantwell.senate.gov/public/index.cfm/rss/feed,WA,SenatorCantwell,117501995
C000141,Benjamin L. Cardin,N00001955,http://www.cardin.senate.gov/rss/feeds/?type=all,MD,SenatorCardin,109071031
C000174,Thomas R. Carper,N00012508,http://www.carper.senate.gov/public/index.cfm/rss/feed,DE,SenatorCarper,249787913
C001070,"Robert P. Casey, Jr.",N00027503,http://www.casey.senate.gov/rss/feeds/?all,PA,SenBobCasey,171598736
C001071,Bob Corker,N00027441,http://www.corker.senate.gov/public/index.cfm/rss/feed,TN,SenBobCorker,73303753
F000062,Dianne Feinstein,N00007364,http://www.feinstein.senate.gov/public/?a=rss.feed,CA,SenFeinstein,476256944
H000338,Orrin G. Hatch,N00009869,http://www.hatch.senate.gov/public/index.cfm/rss/feed,UT,SenOrrinHatch,262756641
K000367,Amy Klobuchar,N00027500,,MN,,
M001170,Claire McCaskill,N00027694,http://mccaskill.senate.gov/rss/?p=news,MO,McCaskillOffice,57065141
M000639,Robert Menendez,N00000699,http://www.menendez.senate.gov/rss/feeds/index.cfm?type=news,NJ,SenatorMenendez,18695134
N000032,Bill Nelson,N00009926,,FL,SenBillNelson,20597460
S000033,Bernard Sanders,N00000528,http://www.sanders.senate.gov/rss/,VT,SenSanders,29442313
S000770,Debbie Stabenow,N00004118,http://stabenow.senate.gov/rss/?p=news,MI,SenStabenow,76456274
T000464,Jon Tester,N00027605,http://www.tester.senate.gov/rss/?p=hot_topic,MT,SenatorTester,515822213
W000802,Sheldon Whitehouse,N00027533,http://www.whitehouse.senate.gov/rss/feeds/?type=all&amp;cachebuster=1,RI,SenWhitehouse,242555999
B001261,John Barrasso,N00006236,http://www.barrasso.senate.gov/public/index.cfm?FuseAction=Rss.Feed,WY,SenJohnBarrasso,202206694
W000437,Roger F. Wicker,N00003280,,MS,SenatorWicker,264219447
A000360,Lamar Alexander,N00009888,http://www.alexander.senate.gov/public/?a=rss.feed,TN,SenAlexander,76649729
C000567,Thad Cochran,N00003328,http://www.cochran.senate.gov/public/index.cfm/rss/feed,MS,SenThadCochran,555474658
C001035,Susan M. Collins,N00000491,http://www.collins.senate.gov/public/?a=rss.feed,ME,SenatorCollins,19726613
C001056,John Cornyn,N00024852,http://www.cornyn.senate.gov/public/?a=rss.feed,TX,JohnCornyn,13218102
D000563,Richard J. Durbin,N00004981,http://durbin.senate.gov/public/index.cfm/rss/feed,IL,SenatorDurbin,247334603
E000285,Michael B. Enzi,N00006249,http://www.enzi.senate.gov/public/index.cfm/rss/feed,WY,SenatorEnzi,291756142
G000359,Lindsey Graham,N00009975,http://www.lgraham.senate.gov/public/index.cfm?FuseAction=Rss.Feed,SC,GrahamBlog,14845376
I000024,James M. Inhofe,N00005582,http://www.inhofe.senate.gov/rss/feeds/?type=all&amp;cachebuster=eea6c4d7%2d939c%2d5c1e%2db6c7aa3b8b291208,OK,InhofePress,20546536
M000355,Mitch McConnell,N00003389,http://www.mcconnell.senate.gov/public/?a=rss.feed,KY,McConnellPress,339822881
M001176,Jeff Merkley,N00029303,http://www.merkley.senate.gov/rss/,OR,SenJeffMerkley,29201047
R000122,Jack Reed,N00000362,https://www.reed.senate.gov//rss/feeds/?type=all,RI,SenJackReed,486694111
R000584,James E. Risch,N00029441,,ID,SenatorRisch,1096059529
R000307,Pat Roberts,N00005285,http://www.roberts.senate.gov/public/?a=rss.feed,KS,SenPatRoberts,75364211
S001181,Jeanne Shaheen,N00024790,http://www.shaheen.senate.gov/rss/,NH,SenatorShaheen,109287731
U000039,Tom Udall,N00006561,http://tomudall.senate.gov/rss/?p=blog,NM,SenatorTomUdall,60828944
W000805,Mark R. Warner,N00002097,http://www.warner.senate.gov/public/?a=rss.feed,VA,MarkWarner,7429102
G000555,Kirsten E. Gillibrand,N00027658,http://www.gillibrand.senate.gov/rss/,NY,SenGillibrand,72198806
F000457,Al Franken,N00029016,http://franken.senate.gov/rss/?p=hot_topic,MN,SenFranken,171968009
C001088,Christopher A. Coons,N00031820,http://www.coons.senate.gov/rss/feeds/?type=all,DE,SenCoonsOffice,435500714
M001183,"Joe Manchin, III",N00032838,http://www.manchin.senate.gov/public/index.cfm/rss/feed,WV,Sen_JoeManchin,234374703
A000055,Robert B. Aderholt,N00003028,http://aderholt.house.gov/common/rss//index.cfm?rss=20,AL,Robert_Aderholt,76452765
A000367,Justin Amash,N00031938,http://amash.house.gov/rss.xml,MI,,
B001230,Tammy Baldwin,N00004367,http://www.baldwin.senate.gov/rss/feeds/?type=all,WI,SenatorBaldwin,1074518754
B001269,Lou Barletta,N00025495,http://barletta.house.gov/common/rss//index.cfm?rss=25,PA,RepLouBarletta,239871673
B000213,Joe Barton,N00005656,http://joebarton.house.gov/index.php?format=feed&amp;type=rss,TX,RepJoeBarton,19929362
B001270,Karen Bass,N00031877,http://bass.house.gov/rss.xml,CA,RepKarenBass,239949176
B001267,Michael F. Bennet,N00030608,http://www.bennet.senate.gov/rss/feeds/?type=news,CO,SenBennetCo,224285242
B001257,Gus M. Bilirakis,N00027462,http://bilirakis.house.gov/index.php?format=feed&amp;type=rss,FL,RepGusBilirakis,26051676
B001250,Rob Bishop,N00025292,http://robbishop.house.gov/news/rss.aspx,UT,RepRobBishop,148006729
B000490,"Sanford D. Bishop, Jr.",N00002674,http://bishop.house.gov/rss.xml,GA,SanfordBishop,249410485
B001273,Diane Black,N00031539,http://black.house.gov/rss.xml,TN,RepDianeBlack,110545675
B001243,Marsha Blackburn,N00003105,http://blackburn.house.gov/news/rss.aspx,TN,MarshaBlackburn,278145569
B000574,Earl Blumenauer,N00007727,http://blumenauer.house.gov/index.php?format=feed&amp;type=rss,OR,BlumenauerMedia,137823987
B001277,Richard Blumenthal,N00031685,http://www.blumenthal.senate.gov/rss/feeds/?type=all,CT,SenBlumenthal,278124059
B000575,Roy Blunt,N00005195,http://www.blunt.senate.gov/public/?a=rss.feed,MO,RoyBlunt,21269970
B001236,John Boozman,N00013873,http://www.boozman.senate.gov/public/index.cfm/rss/feed,AR,JohnBoozman,5558312
B001245,Madeleine Z. Bordallo,N00024866,http://bordallo.house.gov/rss.xml,GU,,
B000755,Kevin Brady,N00005883,http://kevinbrady.house.gov/common/rss/index.cfm?rss=49,TX,RepKevinBrady,19926675
B001227,Robert A. Brady,N00001619,http://brady.house.gov/rss.xml,PA,RepBrady,148453195
B001274,Mo Brooks,N00030910,http://brooks.house.gov/rss/press-releases.xml,AL,RepMoBrooks,237299871
B001260,Vern Buchanan,N00027626,http://buchanan.house.gov/index.php?option=com_bca-rss-syndicator&amp;feed_id=2,FL,VernBuchanan,20467163
B001275,Larry Bucshon,N00031227,http://bucshon.house.gov/rss.xml,IN,RepLarryBucshon,234812598
B001248,Michael C. Burgess,N00025219,http://burgess.house.gov/news/rss.aspx,TX,MichaelCBurgess,15751083
B001135,Richard Burr,N00002221,http://www.burr.senate.gov/public/index.cfm?fuseaction=rss.feed,NC,SenatorBurr,21157904
B001251,G. K. Butterfield,N00027035,http://butterfield.house.gov/rss/press-releases.xml/,NC,GKButterfield,432676344
C000059,Ken Calvert,N00007099,http://calvert.house.gov/news/rss.aspx,CA,KenCalvert,22545491
C001047,Shelley Moore Capito,N00009771,,WV,SenCapito,193794406
C001037,Michael E. Capuano,N00000267,,MA,RepMikeCapuano,747806211983179776
C001072,André Carson,N00029513,http://carson.house.gov/index.php?option=com_bca-rss-syndicator&amp;feed_id=1,IN,RepAndreCarson,199325935
C001051,John R. Carter,N00025095,http://carter.house.gov/common/rss/?rss=40,TX,JudgeCarter,18030431
C001075,Bill Cassidy,N00030245,,LA,,
C001066,Kathy Castor,N00027514,http://castor.house.gov/news/rss.aspx,FL,USRepKCastor,1880674038
C000266,Steve Chabot,N00003689,http://chabot.house.gov/common/rss/index.cfm?rss=49,OH,RepSteveChabot,237750442
C001076,Jason Chaffetz,N00028958,http://chaffetz.house.gov/rss.xml,UT,JasonInTheHouse,17800215
C001080,Judy Chu,N00030600,http://chu.house.gov/rss.xml,CA,RepJudyChu,193732179
C001084,David N. Cicilline,N00032019,http://cicilline.house.gov/rss.xml,RI,RepCicilline,462143773
C001067,Yvette D. Clarke,N00026961,http://clarke.house.gov/news/rss.aspx,NY,RepYvetteClarke,240812994
C001049,Wm. Lacy Clay,N00012460,,MO,,
C001061,Emanuel Cleaver,N00026790,http://cleaver.house.gov/rss.xml,MO,RepCleaver,163570705
C000537,James E. Clyburn,N00002408,http://clyburn.house.gov/rss.xml,SC,Clyburn,188019606
C001077,Mike Coffman,N00024753,http://coffman.house.gov/index.php?format=feed&amp;type=rss,CO,RepMikeCoffman,19407835
C001068,Steve Cohen,N00003225,http://cohen.house.gov/rss.xml,TN,RepCohen,162069635
C001053,Tom Cole,N00025726,http://cole.house.gov/rss.xml,OK,TomColeOK04,23124635
C001062,K. Michael Conaway,N00026041,,TX,ConawayTX11,295685416
C001078,Gerald E. Connolly,N00029891,http://connolly.house.gov/common/rss//index.cfm?rss=44,VA,GerryConnolly,78445977
C000714,"John Conyers, Jr.",N00004029,http://conyers.house.gov/index.cfm/rss/feed,MI,RepJohnConyers,138770045
C000754,Jim Cooper,N00003132,http://cooper.house.gov/index.php?format=feed&amp;type=rss,TN,RepJimCooper,22523087
C001059,Jim Costa,N00026341,http://costa.house.gov/index.php?format=feed&amp;type=rss,CA,RepJimCosta,245451804
C001069,Joe Courtney,N00024842,http://courtney.house.gov/index.php?format=feed&amp;type=rss,CT,RepJoeCourtney,85396297
C000880,Mike Crapo,N00006267,,ID,MikeCrapo,600463589
C001087,"Eric A. ""Rick"" Crawford",N00030770,http://crawford.house.gov/news/rss.aspx,AR,RepRickCrawford,233693291
C001038,Joseph Crowley,N00001127,http://crowley.house.gov/rss.xml,NY,RepJoeCrowley,111635980
C001063,Henry Cuellar,N00024978,http://cuellar.house.gov/news/rss.aspx,TX,RepCuellar,210926192
C001048,John Abney Culberson,N00009738,http://culberson.house.gov/rss/,TX,CongCulberson,24183358
C000984,Elijah E. Cummings,N00001971,http://cummings.house.gov/rss.xml,MD,RepCummings,787373558
D000096,Danny K. Davis,N00004884,http://davis.house.gov/index.php?format=feed&type=rss,IL,RepDannyDavis,789244177
D000598,Susan A. Davis,N00009604,,CA,RepSusanDavis,432771620
D000191,Peter A. DeFazio,N00007781,http://www.defazio.house.gov/index.php?format=feed&amp;type=rss,OR,RepPeterDeFazio,252249233
D000197,Diana DeGette,N00006134,http://degette.house.gov/index.php?option=com_ninjarsssyndicator&amp;feed_id=1&amp;format=raw,CO,RepDianaDeGette,28599820
D000216,Rosa L. DeLauro,N00000615,http://delauro.house.gov/index.php?format=feed&amp;type=rss,CT,RosaDeLauro,140519774
D000612,Jeff Denham,N00031593,http://denham.house.gov/rss.xml,CA,RepJeffDenham,248699486
D000604,Charles W. Dent,N00026171,http://dent.house.gov/?a=rss.feed,PA,RepCharlieDent,242376736
D000616,Scott DesJarlais,N00030957,http://desjarlais.house.gov/news/rss.aspx,TN,DesJarlaisTN04,235312723
D000610,Theodore E. Deutch,N00031317,http://teddeutch.house.gov/news/rss.aspx,FL,RepTedDeutch,137794015
D000600,Mario Diaz-Balart,N00025337,http://mariodiazbalart.house.gov/rss.xml,FL,MarioDB,37094727
D000399,Lloyd Doggett,N00006023,http://doggett.house.gov/index.php/component/ninjarsssyndicator/?feed_id=1&amp;format=raw,TX,RepLloydDoggett,153944899
D000607,Joe Donnelly,N00026586,http://www.donnelly.senate.gov/rss/feeds/?type=all,IN,SenDonnelly,216503958
D000482,Michael F. Doyle,N00001373,http://doyle.house.gov/rss.xml,PA,USRepMikeDoyle,39249305
D000614,Sean P. Duffy,N00030967,http://duffy.house.gov/rss.xml,WI,RepSeanDuffy,234022257
D000615,Jeff Duncan,N00030752,http://jeffduncan.house.gov/rss.xml,SC,RepJeffDuncan,240393970
D000533,"John J. Duncan, Jr.",N00003209,http://duncan.house.gov/rss.xml,TN,RepJohnDuncanJr,1883356866
E000288,Keith Ellison,N00028257,http://ellison.house.gov/index.php?format=feed&amp;type=rss,MN,KeithEllison,14135426
E000179,Eliot L. Engel,N00001003,,NY,RepEliotEngel,164007407
E000215,Anna G. Eshoo,N00007335,http://eshoo.house.gov/index.php?format=feed&amp;type=rss,CA,RepAnnaEshoo,249348006
F000460,Blake Farenthold,N00031672,http://farenthold.house.gov/index.php?format=feed&amp;type=rss,TX,Farenthold,17896154
F000444,Jeff Flake,N00009573,http://www.flake.senate.gov/public/index.cfm/rss/feed,AZ,JeffFlake,16056306
F000459,"Charles J. ""Chuck"" Fleischmann",N00030815,http://fleischmann.house.gov/rss.xml,TN,RepChuck,235190657
F000461,Bill Flores,N00031545,http://flores.house.gov/common/rss//index.cfm?rss=25,TX,RepBillFlores,237312687
F000449,Jeff Fortenberry,N00026631,http://fortenberry.house.gov/index.php?format=feed&amp;type=rss,NE,JeffFortenberry,18805303
F000450,Virginia Foxx,N00026166,http://foxx.house.gov/common/rss/?rss=55,NC,VirginiaFoxx,16256269
F000448,Trent Franks,N00006423,http://franks.house.gov/rss.xml,AZ,RepTrentFranks,24773493
F000372,Rodney P. Frelinghuysen,N00000684,http://frelinghuysen.house.gov/common/rss/?rss=3,NJ,USRepRodney,1382011333
F000455,Marcia L. Fudge,N00030490,http://fudge.house.gov/common/rss//index.cfm?rss=25,OH,RepMarciaFudge,153486399
G000559,John Garamendi,N00030856,http://garamendi.house.gov/rss.xml,CA,RepGaramendi,88806753
G000562,Cory Gardner,N00030780,,CO,SenCoryGardner,235217558
G000563,Bob Gibbs,N00031128,http://gibbs.house.gov/rss.xml,OH,RepBobGibbs,234822928
G000552,Louie Gohmert,N00026148,http://gohmert.house.gov/news/rss.aspx,TX,RepLouieGohmert,22055226
G000289,Bob Goodlatte,N00009154,http://goodlatte.house.gov/press_releases.rss,VA,RepGoodlatte,37920978
G000565,Paul A. Gosar,N00030771,http://gosar.house.gov/rss.xml,AZ,RepGosar,240760644
G000566,Trey Gowdy,N00030880,http://gowdy.house.gov/news/rss.aspx,SC,TGowdySC,237348797
G000377,Kay Granger,N00008799,http://kaygranger.house.gov/rss.xml,TX,RepKayGranger,161743731
G000386,Chuck Grassley,N00001758,http://grassley.senate.gov/customcf/rss_feed.cfm,IA,ChuckGrassley,10615232
G000546,Sam Graves,N00013323,http://graves.house.gov/common/rss/index.cfm?rss=25,MO,RepSamGraves,29766367
G000560,Tom Graves,N00030788,http://tomgraves.house.gov/news/rss.aspx,GA,RepTomGraves,190328374
G000553,Al Green,N00026686,http://algreen.house.gov/rss.xml,TX,RepAlGreen,156333623
G000410,Gene Green,N00005870,http://green.house.gov/rss.xml,TX,RepGeneGreen,111635527
G000568,H. Morgan Griffith,N00032029,http://morgangriffith.house.gov/news/rss.aspx,VA,RepMGriffith,234057152
G000551,Raúl M. Grijalva,N00025284,http://grijalva.house.gov/common/rss/?rss=13,AZ,RepraulGrijalva,28602948
G000558,Brett Guthrie,N00029675,http://guthrie.house.gov/common/rss/?rss=24,KY,RepGuthrie,1908143071
G000535,Luis V. Gutiérrez,N00004874,http://gutierrez.house.gov/rss.xml,IL,RepGutierrez,36948268
H001045,Gregg Harper,N00029632,http://harper.house.gov/rss.xml,MS,GreggHarper,23712174
H001052,Andy Harris,N00029147,http://harris.house.gov/rss.xml,MD,RepAndyHarrisMD,960962340
H001053,Vicky Hartzler,N00031005,http://hartzler.house.gov/rss.xml,MO,RepHartzler,237763317
H000324,Alcee L. Hastings,N00002884,http://www.alceehastings.house.gov/news/rss.aspx,FL,RepHastingsFL,2433737761
H001046,Martin Heinrich,N00029835,,NM,MartinHeinrich,1099199839
H001036,Jeb Hensarling,N00024922,http://hensarling.house.gov/atom.xml,TX,RepHensarling,18566912
H001056,Jaime Herrera Beutler,N00031559,http://herrerabeutler.house.gov/news/rss.aspx,WA,HerreraBeutler,242926427
H001038,Brian Higgins,N00027060,http://higgins.house.gov/rss.xml,NY,RepBrianHiggins,33576489
H001047,James A. Himes,N00029070,http://himes.house.gov/rss.xml,CT,JAHimes,31611298
H001042,Mazie K. Hirono,N00028139,http://www.hirono.senate.gov/rss/feeds/?type=all,HI,MazieHirono,92186819
H001061,John Hoeven,N00031688,http://www.hoeven.senate.gov/public/index.cfm/rss/feed,ND,SenJohnHoeven,382791093
H000874,Steny H. Hoyer,N00001821,http://hoyer.house.gov/index.php?format=feed&amp;type=rss,MD,WhipHoyer,22012091
H001058,Bill Huizenga,N00030673,http://huizenga.house.gov/news/rss.aspx,MI,RepHuizenga,233949261
H001059,Randy Hultgren,N00031104,http://hultgren.house.gov/common/rss//index.cfm?rss=49,IL,RepHultgren,237814920
H001048,Duncan Hunter,N00029258,http://hunter.house.gov/rss.xml,CA,Rep_Hunter,1305596696
I000055,Johnny Isakson,N00002593,http://www.isakson.senate.gov/public/?a=RSS.Feed,GA,SenatorIsakson,78403308
I000056,Darrell E. Issa,N00007017,http://issa.house.gov/feed/,CA,DarrellIssa,22509548
J000032,Sheila Jackson Lee,N00005818,http://jacksonlee.house.gov/news/rss.aspx,TX,JacksonLeeTX18,80612021
J000290,Lynn Jenkins,N00029077,http://lynnjenkins.house.gov/common/rss/?rss=220,KS,RepLynnJenkins,19658173
J000292,Bill Johnson,N00032088,http://billjohnson.house.gov/constituentservices/opendoorsschedule.htm,OH,RepBillJohnson,211530910
J000126,Eddie Bernice Johnson,N00008122,http://ebjohnson.house.gov/common/rss//index.cfm?rss=21,TX,RepEBJ,168502762
J000288,"Henry C. ""Hank"" Johnson, Jr.",N00027848,http://hankjohnson.house.gov/rss.xml,GA,RepHankJohnson,24745957
J000293,Ron Johnson,N00032546,http://www.ronjohnson.senate.gov/public/index.cfm/rss/feed,WI,SenRonJohnson,233737858
J000174,Sam Johnson,N00008028,http://samjohnson.house.gov/news/rss.aspx,TX,SamsPressShop,249288197
J000255,Walter B. Jones,N00002299,http://jones.house.gov/rss.xml,NC,RepWalterJones,26778110
J000289,Jim Jordan,N00027894,http://jordan.house.gov/news/rss.aspx,OH,Jim_Jordan,18166778
K000009,Marcy Kaptur,N00003522,http://kaptur.house.gov/index.php?format=feed&amp;type=rss,OH,RepMarcyKaptur,581141508
K000375,William R. Keating,N00031933,http://keating.house.gov/index.php?format=feed&amp;type=rss,MA,USRepKeating,232992031
K000376,Mike Kelly,N00031647,http://kelly.house.gov/rss.xml,PA,MikeKellyPA,935368364
K000188,Ron Kind,N00004403,http://kind.house.gov/common/rss/?rss=52,WI,RepRonKind,112740986
K000210,Peter T. King,N00001193,http://peteking.house.gov/rss.xml,NY,RepPeteKing,18277655
K000362,Steve King,N00025237,http://steveking.house.gov/index.php?format=feed&amp;type=rss,IA,SteveKingIA,48117116
K000378,Adam Kinzinger,N00030667,http://kinzinger.house.gov/common/rss//index.cfm?rss=49,IL,RepKinzinger,219429281
L000573,Raúl R. Labrador,N00031377,http://labrador.house.gov/common/rss//index.cfm?rss=49,ID,Raul_Labrador,246341769
L000564,Doug Lamborn,N00028133,http://lamborn.house.gov/news-rss-graphic/news-rss-graphic/,CO,RepDLamborn,584012853
L000567,Leonard Lance,N00000898,http://lance.house.gov/rss-button/rss-button/,NJ,RepLanceNJ7,613725908
L000559,James R. Langevin,N00009724,http://langevin.house.gov/rss.xml,RI,JimLangevin,18909919
L000575,James Lankford,N00031129,,OK,SenatorLankford,225921757
L000560,Rick Larsen,N00009759,http://larsen.house.gov/rss.xml,WA,RepRickLarsen,404132211
L000557,John B. Larson,N00000575,http://www.larson.house.gov/index.php?format=feed&amp;type=rss,CT,RepJohnLarson,50452197
L000566,Robert E. Latta,N00012233,http://latta.house.gov/news/rss.aspx,OH,BobLatta,15394954
L000174,Patrick J. Leahy,N00009918,http://www.leahy.senate.gov/rss/feeds/press/,VT,SenatorLeahy,242836537
L000551,Barbara Lee,N00008046,http://lee.house.gov/rss.xml,CA,RepBarbaraLee,248735463
L000577,Mike Lee,N00031696,http://www.lee.senate.gov/public/index.cfm/rss/feed,UT,SenMikeLee,88784440
L000263,Sander M. Levin,N00003950,http://levin.house.gov/rss.xml,MI,RepSandyLevin,25781141
L000287,John Lewis,N00002577,http://johnlewis.house.gov/rss.xml,GA,RepJohnLewis,29450962
L000563,Daniel Lipinski,N00027239,http://www.lipinski.house.gov/common/rss//index.cfm?rss=25,IL,RepLipinski,1009269193
L000554,Frank A. LoBiondo,N00000851,http://lobiondo.house.gov/rss.xml,NJ,RepLoBiondo,241207373
L000565,David Loebsack,N00027741,http://loebsack.house.gov/news/rss.aspx,IA,DaveLoebsack,510516465
L000397,Zoe Lofgren,N00007479,http://lofgren.house.gov/index.php?format=feed&amp;type=rss,CA,RepZoeLofgren,267938462
L000576,Billy Long,N00030676,http://long.house.gov/common/rss//index.cfm?rss=49,MO,USRepLong,1444015610
L000480,Nita M. Lowey,N00001024,http://www.house.gov/common/rss/?rss=18,NY,NitaLowey,221792092
L000491,Frank D. Lucas,N00005559,http://lucas.house.gov/rss.xml,OK,RepFrankLucas,242772524
L000569,Blaine Luetkemeyer,N00030026,http://luetkemeyer.house.gov/news/rss.aspx,MO,RepBlainePress,1849261916
L000570,Ben Ray Luján,N00029562,http://lujan.house.gov/index.php?option=com_bca-rss-syndicator&amp;feed_id=1,NM,RepBenRayLujan,19318314
L000562,Stephen F. Lynch,N00013855,http://lynch.house.gov/rss.xml,MA,RepStephenLynch,310310133
M000087,Carolyn B. Maloney,N00000078,http://maloney.house.gov/rss.xml,NY,RepMaloney,258900199
M001158,Kenny Marchant,N00026710,http://marchant.house.gov/news/rss.aspx,TX,RepKenMarchant,23976316
M001179,Tom Marino,N00031777,http://marino.house.gov/rss.xml,PA,RepTomMarino,240363117
M000133,Edward J. Markey,N00000270,,MA,SenMarkey,21406834
M001163,Doris O. Matsui,N00027459,http://matsui.house.gov/index.php?format=feed&amp;type=rss,CA,DorisMatsui,38254095
M000303,John McCain,N00006424,,AZ,SenJohnMcCain,19394188
M001165,Kevin McCarthy,N00028152,http://kevinmccarthy.house.gov/index.php?format=feed&amp;type=rss,CA,GOPLeader,19739126
M001157,Michael T. McCaul,N00026460,,TX,RepMcCaul,26424123
M001177,Tom McClintock,N00006863,http://mcclintock.house.gov/atom.xml,CA,RepMcClintock,50152441
M001143,Betty McCollum,N00012942,http://mccollum.house.gov/rss.xml,MN,BettyMcCollum04,516880804
M000312,James P. McGovern,N00000179,http://mcgovern.house.gov/common/rss/?rss=15,MA,RepMcGovern,242426145
M001156,Patrick T. McHenry,N00026627,http://mchenry.house.gov/news/rss.aspx,NC,PatrickMcHenry,27676828
M001180,David B. McKinley,N00031681,http://mckinley.house.gov/common/rss//index.cfm?rss=49,WV,RepMcKinley,240427862
M001159,Cathy McMorris Rodgers,N00026314,http://mcmorris.house.gov/common/rss/?rss=96,WA,CathyMcMorris,17976923
M001166,Jerry McNerney,N00026926,http://mcnerney.house.gov/rss.xml,CA,RepMcNerney,385429543
M001181,Patrick Meehan,N00031134,http://meehan.house.gov/rss/latest-news.xml,PA,RepMeehan,248850174
M001137,Gregory W. Meeks,N00001171,http://meeks.house.gov/rss.xml,NY,GregoryMeeks,22812754
M001160,Gwen Moore,N00026914,http://gwenmoore.house.gov/common/rss/index.cfm?rss=49,WI,RepGwenMoore,22669526
M000934,Jerry Moran,N00005282,http://www.moran.senate.gov/public/index.cfm/rss/feed/,KS,JerryMoran,18632666
M001153,Lisa Murkowski,N00026050,http://www.murkowski.senate.gov/public/?a=rss.feed,AK,LisaMurkowski,18061669
M001169,Christopher Murphy,N00027566,http://www.theday.com/article/20121216/nws12/312169935/1069/rss,CT,senmurphyoffice,2853793517
M001151,Tim Murphy,N00024992,http://murphy.house.gov/common/rss/?rss=44,PA,RepTimMurphy,117777832
M001111,Patty Murray,N00007876,http://www.murray.senate.gov/public/?a=rss.feed,WA,PattyMurray,293131808
N000002,Jerrold Nadler,N00000939,http://nadler.house.gov/rss.xml,NY,RepJerryNadler,40302336
N000179,Grace F. Napolitano,N00006789,http://napolitano.house.gov/rss.xml,CA,GraceNapolitano,161411080
N000015,Richard E. Neal,N00000153,http://neal.house.gov/index.php?format=feed&amp;type=rss,MA,RepRichardNeal,442824717
N000184,Kristi L. Noem,N00032022,http://noem.house.gov/index.cfm/rss/feed,SD,RepKristiNoem,235251868
N000147,Eleanor Holmes Norton,N00001692,http://norton.house.gov/index.php?format=feed&amp;type=rss,DC,EleanorNorton,23600262
N000181,Devin Nunes,N00007248,http://nunes.house.gov/news/rss.aspx,CA,Rep_DevinNunes,344972339
O000168,Pete Olson,N00029285,feed://olson.house.gov/common/rss/?rss=82,TX,RepPeteOlson,20053279
P000601,Steven M. Palazzo,N00031958,http://palazzo.house.gov/rss.xml,MS,CongPalazzo,299883942
P000034,"Frank Pallone, Jr.",N00000781,http://pallone.house.gov/rss.xml,NJ,FrankPallone,31801993
P000096,"Bill Pascrell, Jr.",N00000751,http://www.house.gov/apps/list/press/nj08_pascrell/rss.xml,NJ,BillPascrell,74508260
P000603,Rand Paul,N00030836,http://paul.senate.gov/rss/?p=news,KY,,
P000594,Erik Paulsen,N00029391,http://paulsen.house.gov/common/rss//?rss=105,MN,RepErikPaulsen,17513304
P000588,Stevan Pearce,N00012672,http://pearce.house.gov/rss.xml,NM,RepStevePearce,235271965
P000197,Nancy Pelosi,N00007360,http://pelosi.house.gov/atom.xml,CA,NancyPelosi,15764644
P000593,Ed Perlmutter,N00027510,http://perlmutter.house.gov/index.php?format=feed&amp;type=rss,CO,RepPerlmutter,20552026
P000595,Gary C. Peters,N00029277,,MI,SenGaryPeters,236511574
P000258,Collin C. Peterson,N00004558,http://collinpeterson.house.gov/rss.xml,MN,,
P000597,Chellie Pingree,N00013817,http://pingree.house.gov/index.php?format=feed&amp;type=rss,ME,ChelliePingree,14984637
P000592,Ted Poe,N00026457,http://poe.house.gov/index.php?format=feed&amp;type=rss,TX,JudgeTedPoe,74198348
P000598,Jared Polis,N00029127,http://polis.house.gov/news/rss.aspx,CO,RepJaredPolis,463132556
P000449,Rob Portman,N00003682,http://www.portman.senate.gov/public/index.cfm/rss/feed,OH,SenRobPortman,18915145
P000599,Bill Posey,N00029662,http://posey.house.gov/news/rss.aspx?documenttypeid=1487,FL,CongBillPosey,25086658
P000523,David E. Price,N00002260,http://price.house.gov/index.php?format=feed&amp;type=rss,NC,RepDavidEPrice,155669457
Q000023,Mike Quigley,N00030581,http://quigley.house.gov/index.php?format=feed&amp;type=rss,IL,RepMikeQuigley,56864092
R000585,Tom Reed,N00030949,http://reed.house.gov/rss.xml,NY,RepTomReed,252819323
R000578,David G. Reichert,N00026885,http://reichert.house.gov/rss.xml,WA,DaveReichert,16102244
R000586,James B. Renacci,N00031127,http://renacci.house.gov/common/rss//index.cfm?rss=25,OH,RepJimRenacci,236916916
R000588,Cedric L. Richmond,N00030184,http://richmond.house.gov/rss.xml,LA,RepRichmond,267854863
R000591,Martha Roby,N00030768,http://roby.house.gov/rss.xml,AL,RepMarthaRoby,224294785
R000582,David P. Roe,N00028463,,TN,DrPhilRoe,52503751
R000395,Harold Rogers,N00003473,http://halrogers.house.gov/news/rss.aspx,KY,RepHalRogers,550401754
R000575,Mike Rogers,N00024759,http://mikerogers.house.gov/rss.xml,AL,RepMikeRogersAL,33977070
R000409,Dana Rohrabacher,N00007151,http://rohrabacher.house.gov/rss.xml,CA,reprohrabacher,831483464
R000592,Todd Rokita,N00031741,http://rokita.house.gov/rss.xml,IN,ToddRokita,17544524
R000583,Thomas J. Rooney,N00029018,http://rooney.house.gov/index.php?format=feed&amp;type=rss,FL,TomRooney,23970171
R000435,Ileana Ros-Lehtinen,N00002858,http://ros-lehtinen.house.gov/rss.xml,FL,RosLehtinen,14275291
R000580,Peter J. Roskam,N00004719,http://roskam.house.gov/index.php?format=feed&amp;type=rss,IL,PeterRoskam,20015903
R000593,Dennis A. Ross,N00030645,http://dennisross.house.gov/news/rss.aspx,FL,RepDennisRoss,33655490
R000486,Lucille Roybal-Allard,N00006671,http://roybal-allard.house.gov/news/rss.aspx,CA,RepRoybalAllard,479872233
R000487,Edward R. Royce,N00008264,http://royce.house.gov/news/rss.aspx,CA,RepEdRoyce,246769138
R000595,Marco Rubio,N00030612,http://www.rubio.senate.gov/public/?a=rss.feed,FL,SenRubioPress,229966028
R000576,C. A. Dutch Ruppersberger,N00025482,http://dutch.house.gov/atom.xml,MD,Call_Me_Dutch,305620929
R000515,Bobby L. Rush,N00004887,http://rush.house.gov/rss.xml,IL,RepBobbyRush,305216911
R000570,Paul D. Ryan,N00004357,http://paulryan.house.gov/news/rss.aspx,WI,SpeakerRyan,18916432
R000577,Tim Ryan,N00025280,http://timryan.house.gov/rss.xml,OH,RepTimRyan,13491312
S001177,Gregorio Kilili Camacho Sablan,N00030418,http://sablan.house.gov/rss.xml,MP,,
S001168,John P. Sarbanes,N00027751,http://sarbanes.house.gov/rss_news.asp,MD,RepSarbanes,364415553
S001176,Steve Scalise,N00009660,http://scalise.house.gov/rss.xml,LA,SteveScalise,1209417007
S001145,Janice D. Schakowsky,N00004724,http://schakowsky.house.gov/index.php?format=feed&amp;type=rss,IL,JanSchakowsky,24195214
S001150,Adam B. Schiff,N00009585,http://schiff.house.gov/common/rss/?rss=49,CA,RepAdamSchiff,29501253
S001180,Kurt Schrader,N00030071,http://schrader.house.gov/news/rss.aspx,OR,RepSchrader,20545793
S000148,Charles E. Schumer,N00001093,,NY,SenSchumer,17494010
S001183,David Schweikert,N00006460,http://schweikert.house.gov/rss/press-releases.xml,AZ,RepDavid,229197216
S001189,Austin Scott,N00032457,http://austinscott.house.gov/index.php?format=feed&amp;type=rss,GA,AustinScottGA08,234797704
S001157,David Scott,N00024871,http://davidscott.house.gov/news/rss.aspx,GA,RepDavidScott,168673083
S000185,"Robert C. ""Bobby"" Scott",N00002147,http://www.house.gov/index.php?format=feed&amp;type=rss,VA,BobbyScott,161791703
S001184,Tim Scott,N00031782,http://www.scott.senate.gov/rss.xml,SC,SenatorTimScott,217543151
S000244,"F. James Sensenbrenner, Jr.",N00004291,http://sensenbrenner.house.gov/news/rss.aspx,WI,JimPressOffice,851621377
S000248,José E. Serrano,N00001813,http://serrano.house.gov/rss.xml,NY,RepJoseSerrano,33563161
S000250,Pete Sessions,N00005681,http://sessions.house.gov/?a=rss.feed,TX,PeteSessions,24735461
S001185,Terri A. Sewell,N00030622,http://sewell.house.gov/rss.xml,AL,RepTerriSewell,381152398
S000320,Richard C. Shelby,N00009920,http://www.shelby.senate.gov/public/index.cfm/rss/feed,AL,SenShelby,21111098
S000344,Brad Sherman,N00006897,http://bradsherman.house.gov/press-releases-and-columns/rss.shtml,CA,BradSherman,30216513
S000364,John Shimkus,N00004961,http://shimkus.house.gov/rss.xml,IL,RepShimkus,15600527
S001154,Bill Shuster,N00013770,http://shuster.house.gov/common/rss//index.cfm?rss=49,PA,RepBillShuster,22527499
S001148,Michael K. Simpson,N00006263,http://simpson.house.gov/news/rss.aspx,ID,CongMikeSimpson,76132891
S001165,Albio Sires,N00027523,http://sires.house.gov/rss.xml,NJ,RepSires,18696134
S000480,Louise McIntosh Slaughter,N00001311,http://louise.house.gov/index.php?format=feed&amp;type=rss,NY,LouiseSlaughter,63169388
S000510,Adam Smith,N00007833,http://www.house.gov/news/rss.aspx,WA,RepAdamSmith,58928690
S001172,Adrian Smith,N00027623,http://adriansmith.house.gov/rss.xml,NE,RepAdrianSmith,296245061
S000522,Christopher H. Smith,N00009816,http://chrissmith.house.gov/news/rss.aspx,NJ,RepChrisSmith,1289319271
S000583,Lamar Smith,N00001811,http://lamarsmith.house.gov/news/rss.aspx,TX,LamarSmithTX21,15856366
S001175,Jackie Speier,N00029649,http://speier.house.gov/index.php?format=feed&amp;type=rss,CA,RepSpeier,24913074
S001187,Steve Stivers,N00029574,http://stivers.house.gov/news/rss.aspx,OH,RepSteveStivers,211420609
S001156,Linda T. Sánchez,N00024870,http://lindasanchez.house.gov/index.php?format=feed&amp;type=rss,CA,RepLindaSanchez,312134473
T000193,Bennie G. Thompson,N00003288,http://benniethompson.house.gov/index.php?format=feed&amp;type=rss,MS,BennieGThompson,82453460
T000460,Mike Thompson,N00007419,http://mikethompson.house.gov/news/rss.aspx,CA,RepThompson,303861808
T000467,Glenn Thompson,N00029736,http://thompson.house.gov/rss.xml,PA,CongressmanGT,18967498
T000238,Mac Thornberry,N00006052,,TX,MacTXPress,377534571
T000250,John Thune,N00004572,http://www.thune.senate.gov/public/index.cfm/rss/feed,SD,SenJohnThune,296361085
T000462,Patrick J. Tiberi,N00009699,http://tiberi.house.gov/news/rss.aspx,OH,pattiberi,912608010
T000470,Scott R. Tipton,N00027509,http://tipton.house.gov/rss.xml,CO,RepTipton,242873057
T000469,Paul Tonko,N00030196,http://tonko.house.gov/rss/press-releases.xml,NY,RepPaulTonko,84119348
T000461,Patrick J. Toomey,N00001489,http://toomey.senate.gov/rss/?p=hot_topic,PA,SenToomey,221162525
T000465,Niki Tsongas,N00029026,http://tsongas.house.gov/rss/press-releases.xml,MA,NikiInTheHouse,242892689
T000463,Michael R. Turner,N00025175,http://turner.house.gov/news/rss.aspx,OH,RepMikeTurner,51228911
U000031,Fred Upton,N00004133,http://www.house.gov/news/rss.aspx,MI,RepFredUpton,124224165
V000128,Chris Van Hollen,N00013820,,MD,ChrisVanHollen,18137749
V000081,Nydia M. Velázquez,N00001102,,NY,NydiaVelazquez,164369297
V000108,Peter J. Visclosky,N00003813,http://visclosky.house.gov/rss.xml,IN,RepVisclosky,193872188
W000798,Tim Walberg,N00026368,http://walberg.house.gov/news/rss.aspx,MI,RepWalberg,237862972
W000791,Greg Walden,N00007690,http://walden.house.gov/common/rss/?rss=100,OR,RepGregWalden,32010840
W000799,Timothy J. Walz,N00027467,http://walz.house.gov/index.php?format=feed&amp;type=rss,MN,RepTimWalz,1262814457
W000797,Debbie Wasserman Schultz,N00026106,http://wassermanschultz.house.gov/atom.xml,FL,RepDWStweets,1140648348
W000187,Maxine Waters,N00006690,http://waters.house.gov/news/rss.aspx,CA,MaxineWaters,36686040
W000806,Daniel Webster,N00026335,http://webster.house.gov/news/rss.aspx,FL,RepWebster,281540744
W000800,Peter Welch,N00000515,http://www.welch.house.gov/index.php?format=feed&amp;type=rss,VT,PeterWelch,1410590874
W000795,Joe Wilson,N00024809,http://joewilson.house.gov/news/rss.aspx,SC,RepJoeWilson,254082173
W000808,Frederica S. Wilson,N00030650,http://wilson.house.gov/common/rss//index.cfm?rss=49,FL,RepWilson,234014087
W000804,Robert J. Wittman,N00029459,http://www.wittman.house.gov/index.php?format=feed&amp;type=rss,VA,RobWittman,15356407
W000809,Steve Womack,N00031857,http://womack.house.gov/news/rss.aspx,AR,Rep_SteveWomack,234469322
W000810,Rob Woodall,N00032416,http://woodall.house.gov/rss.xml,GA,RepRobWoodall,2382685057
W000779,Ron Wyden,N00007724,http://www.wyden.senate.gov/rss/feeds/?type=all&amp;,OR,RonWyden,250188760
Y000062,John A. Yarmuth,N00028073,,KY,RepJohnYarmuth,384913290
Y000063,Kevin Yoder,N00031502,http://yoder.house.gov/common/rss/index.cfm?rss=49,KS,RepKevinYoder,252819642
Y000033,Don Young,N00007999,http://donyoung.house.gov/news/rss.aspx,AK,RepDonYoung,37007274
Y000064,Todd Young,N00030670,,IN,SenToddYoung,234128524
H001041,Dean Heller,N00027522,http://www.heller.senate.gov/public/index.cfm/rss/feed,NV,SenDeanHeller,266133081
A000369,Mark E. Amodei,N00031177,http://amodei.house.gov/common/rss//?rss=49,NV,MarkAmodeiNV2,402719755
B001278,Suzanne Bonamici,N00033474,http://bonamici.house.gov/rss.xml,OR,RepBonamici,558769636
D000617,Suzan K. DelBene,N00030693,http://delbene.house.gov/rss.xml,WA,RepDelBene,995193054
M001184,Thomas Massie,N00034041,http://massie.house.gov/rss.xml,KY,RepThomasMassie,975200486
P000604,"Donald M. Payne, Jr.",N00034639,http://payne.house.gov/rss.xml,NJ,RepDonaldPayne,1155335864
S001194,Brian Schatz,N00028138,,HI,SenBrianSchatz,1262099252
F000454,Bill Foster,N00029139,http://foster.house.gov/rss.xml,IL,RepBillFoster,1080509366
T000468,Dina Titus,N00030191,http://titus.house.gov/rss.xml,NV,RepDinaTitus,122174004
C001095,Tom Cotton,N00033363,,AR,SenTomCotton,968650362
S001191,Kyrsten Sinema,N00033983,http://sinema.house.gov/index.cfm/rss/feed,AZ,RepSinema,1080844782
L000578,Doug LaMalfa,N00033987,http://lamalfa.house.gov/rss.xml,CA,RepLaMalfa,1069124515
H001068,Jared Huffman,N00033030,http://huffman.house.gov/rss.xml,CA,RepHuffman,1071102246
B001287,Ami Bera,N00030717,http://bera.house.gov/rss.xml,CA,RepBera,950783972
C001094,Paul Cook,N00034224,http://cook.house.gov/rss.xml,CA,RepPaulCook,1074412920
S001193,Eric Swalwell,N00033508,,CA,RepSwalwell,942156122
V000129,David G. Valadao,N00033367,http://valadao.house.gov/rss.xml,CA,RepDavidValadao,1128514404
B001285,Julia Brownley,N00034254,http://juliabrownley.house.gov/rss.xml,CA,JuliaBrownley26,1243902714
C001097,Tony Cárdenas,N00033373,http://cardenas.house.gov/rss.xml,CA,RepCardenas,1222257180
R000599,Raul Ruiz,N00033510,http://ruiz.house.gov/rss.xml,CA,CongressmanRuiz,1089859058
T000472,Mark Takano,N00006701,http://takano.house.gov/rss.xml,CA,RepMarkTakano,1037321378
L000579,Alan S. Lowenthal,N00033274,http://lowenthal.house.gov/news/rss.aspx,CA,RepLowenthal,1055730738
V000130,Juan Vargas,N00007021,http://vargas.house.gov/rss.xml,CA,RepJuanVargas,1260172386
P000608,Scott H. Peters,N00033591,http://scottpeters.house.gov/rss.xml,CA,RepScottPeters,1135486501
E000293,Elizabeth H. Esty,N00033217,http://esty.house.gov/rss.xml,CT,RepEsty,1060984272
Y000065,Ted S. Yoho,N00033220,http://yoho.house.gov/rss.xml,FL,RepTedYoho,1071900114
D000621,Ron DeSantis,N00034746,http://desantis.house.gov/rss.xml,FL,RepDeSantis,1058807868
F000462,Lois Frankel,N00002893,http://frankel.house.gov/rss.xml,FL,RepLoisFrankel,1077121945
C001093,Doug Collins,N00033518,http://dougcollins.house.gov/latest-rss/latest-rss/,GA,RepDougCollins,1060487274
G000571,Tulsi Gabbard,N00033281,http://gabbard.house.gov/rss.xml,HI,TulsiPress,1064206014
D000622,Tammy Duckworth,N00027860,,IL,SenDuckworth,1058520120
D000619,Rodney Davis,N00034784,http://rodneydavis.house.gov/rss.xml,IL,RodneyDavis,993153006
B001286,Cheri Bustos,N00033390,http://bustos.house.gov/rss.xml,IL,RepCheri,1092979962
W000813,Jackie Walorski,N00031226,http://walorski.house.gov/rss.xml,IN,RepWalorski,1065995022
B001284,Susan W. Brooks,N00033495,http://susanwbrooks.house.gov/rss.xml,IN,SusanWBrooks,1074101017
M001189,Luke Messer,N00012546,http://messer.house.gov/rss.xml,IN,RepLukeMesser,1045853744
B001282,Andy Barr,N00031233,http://barr.house.gov/rss.xml,KY,RepAndyBarr,1089334250
W000817,Elizabeth Warren,N00033492,http://www.warren.senate.gov/rss/?p=hot_topic,MA,SenWarren,970207298
K000379,Joseph P. Kennedy III,N00034044,http://kennedy.house.gov/rss.xml,MA,RepJoeKennedy,1055907624
D000620,John K. Delaney,N00033897,http://delaney.house.gov/rss.xml,MD,RepJohnDelaney,937723303
K000383,"Angus S. King, Jr.",N00034580,http://www.king.senate.gov/rss/feeds/?type=all,ME,SenAngusKing,1068481578
K000380,Daniel T. Kildee,N00033395,http://dankildee.house.gov/rss.xml,MI,RepDanKildee,1045110018
N000127,Richard M. Nolan,N00021207,http://nolan.house.gov/rss.xml,MN,USRepRickNolan,1055685948
W000812,Ann Wagner,N00033106,http://wagner.house.gov/rss.xml,MO,RepAnnWagner,1051446626
D000618,Steve Daines,N00033054,,MT,SteveDaines,11651202
H001067,Richard Hudson,N00033630,http://hudson.house.gov/rss.xml,NC,RepRichHudson,935033864
P000606,Robert Pittenger,N00034416,http://pittenger.house.gov/rss.xml,NC,RepPittenger,950328072
M001187,Mark Meadows,N00033631,http://meadows.house.gov/rss/press-releases.xml,NC,RepMarkMeadows,963480595
H001065,George Holding,N00033399,http://holding.house.gov/rss.xml,NC,RepHolding,1058460818
H001069,Heidi Heitkamp,N00033782,http://www.heitkamp.senate.gov/public/index.cfm/rss/feed,ND,SenatorHeitkamp,1061029050
C001096,Kevin Cramer,N00004614,http://cramer.house.gov/rss.xml,ND,RepKevinCramer,1048784496
F000463,Deb Fischer,N00033443,http://www.fischer.senate.gov/public/index.cfm/rss/feed,NE,SenatorFischer,1071402577
K000382,Ann M. Kuster,N00030875,http://kuster.house.gov/rss.xml,NH,RepAnnieKuster,1058717720
L000580,Michelle Lujan Grisham,N00029400,http://lujangrisham.house.gov/rss.xml,NM,RepLujanGrisham,1061385474
M001188,Grace Meng,N00034547,http://meng.house.gov/rss.xml,NY,RepGraceMeng,1051127714
J000294,Hakeem S. Jeffries,N00033640,http://jeffries.house.gov/rss.xml,NY,RepJeffries,467823431
M001185,Sean Patrick Maloney,N00034277,http://seanmaloney.house.gov/rss.xml,NY,RepSeanMaloney,1072467470
C001092,Chris Collins,N00001285,http://chriscollins.house.gov/rss.xml,NY,RepChrisCollins,1058256326
W000815,Brad R. Wenstrup,N00033310,,OH,RepBradWenstrup,518644221
B001281,Joyce Beatty,N00033904,http://beatty.house.gov/rss.xml,OH,RepBeatty,1531521632
J000295,David P. Joyce,N00035007,http://joyce.house.gov/rss/press-releases.xml,OH,RepDaveJoyce,976969338
B001283,Jim Bridenstine,N00033532,http://bridenstine.house.gov/rss.xml,OK,RepJBridenstine,1092757885
M001190,Markwayne Mullin,N00033410,http://mullin.house.gov/news/rss.aspx,OK,RepMullin,1060370282
P000605,Scott Perry,N00034120,http://perry.house.gov/rss.xml,PA,RepScottPerry,18773159
R000598,Keith J. Rothfus,N00031253,http://rothfus.house.gov/rss.xml,PA,KeithRothfus,1155212191
C001090,Matt Cartwright,N00034128,http://cartwright.house.gov/rss.xml,PA,RepCartwright,776664410
R000597,Tom Rice,N00033832,http://rice.house.gov/rss.xml,SC,RepTomRice,1058345042
C001098,Ted Cruz,N00033085,,TX,SenTedCruz,1074480192
W000814,"Randy K. Weber, Sr.",N00033539,http://weber.house.gov/rss.xml,TX,TXRandy14,1058051748
O000170,Beto O'Rourke,N00033540,http://orourke.house.gov/rss.xml,TX,RepBetoORourke,1134292500
C001091,Joaquin Castro,N00033316,http://castro.house.gov/rss.xml,TX,JoaquinCastrotx,231510077
W000816,Roger Williams,N00030602,http://williams.house.gov/rss.xml,TX,RepRWilliams,1077446982
V000131,Marc A. Veasey,N00033839,http://veasey.house.gov/rss.xml,TX,RepVeasey,1074129612
V000132,Filemon Vela,N00034349,http://vela.house.gov/rss.xml,TX,RepFilemonVela,1083448909
S001192,Chris Stewart,N00033932,http://stewart.house.gov/rss.xml,UT,RepChrisStewart,1072008757
K000384,Tim Kaine,N00033177,http://www.kaine.senate.gov/rss/feeds/?type=all,VA,SenKaineOffice,1267940407
K000381,Derek Kilmer,N00034453,http://kilmer.house.gov/rss.xml,WA,RepDerekKilmer,1058917562
H001064,Denny Heck,N00031557,http://dennyheck.house.gov/rss.xml,WA,RepDennyHeck,1068499286
P000607,Mark Pocan,N00033549,http://pocan.house.gov/rss.xml,WI,RepMarkPocan,1206227149
K000385,Robin L. Kelly,N00035215,http://robinkelly.house.gov/rss.xml,IL,RepRobinKelly,1339931490
S000051,Mark Sanford,N00002424,http://sanford.house.gov/rss.xml,SC,RepSanfordSC,1499993378
S001195,Jason Smith,N00035282,http://jasonsmith.house.gov/rss.xml,MO,RepJasonSmith,1623308912
B001288,Cory A. Booker,N00035267,,NJ,senbookeroffice,2167097881
C001101,Katherine M. Clark,N00035278,,MA,RepKClark,2293131060
B001289,Bradley Byrne,N00035380,,AL,RepByrne,2253968388
B001290,Dave Brat,N00036013,,VA,RepDaveBrat,2560169238
N000188,Donald Norcross,N00036154,,NJ,DonaldNorcross,3122099613
A000370,Alma S. Adams,N00035451,,NC,RepAdams,2916086925
P000609,Gary J. Palmer,N00035691,,AL,USRepGaryPalmer,2861616083
H001072,J. French Hill,N00035792,,AR,RepFrenchHill,2953974395
W000821,Bruce Westerman,N00035527,,AR,RepWesterman,2852998461
M001197,Martha McSally,N00033982,,AZ,RepMcSally,2964949642
G000574,Ruben Gallego,N00036097,,AZ,RepRubenGallego,2966570782
D000623,Mark DeSaulnier,N00030709,,CA,RepDeSaulnier,2968007206
K000387,Stephen Knight,N00035820,,CA,SteveKnight25,2974648323
A000371,Pete Aguilar,N00033997,,CA,reppeteaguilar,3018670151
L000582,Ted Lieu,N00035825,,CA,RepTedLieu,3044993235
T000474,Norma J. Torres,N00036107,,CA,NormaJTorres,236279233
W000820,Mimi Walters,N00035391,,CA,RepMimiWalters,47798449
B001297,Ken Buck,N00030829,,CO,RepKenBuck,2862577383
C001107,Carlos Curbelo,N00035403,,FL,RepCurbelo,2853309155
C001103,"Earl L. ""Buddy"" Carter",N00035346,,GA,RepBuddyCarter,2973870195
H001071,Jody B. Hice,N00032243,,GA,congressmanhice,2975091705
L000583,Barry Loudermilk,N00035347,,GA,RepLoudermilk,2914163523
A000372,Rick W. Allen,N00033720,,GA,reprickallen,2964287128
B001294,Rod Blum,N00033744,,IA,RepRodBlum,2965083477
Y000066,David Young,N00035509,,IA,RepDavidYoung,314205957
B001295,Mike Bost,N00035420,,IL,RepBost,2964877294
A000374,Ralph Lee Abraham,N00036633,,LA,RepAbraham,2962891515
G000577,Garret Graves,N00036135,,LA,RepGarretGraves,2951574214
M001196,Seth Moulton,N00035431,,MA,teammoulton,3091316093
P000611,Bruce Poliquin,N00034584,,ME,RepPoliquin,2932617195
M001194,John R. Moolenaar,N00036275,,MI,RepMoolenaar,2696643955
B001293,Mike Bishop,N00036449,,MI,RepMikeBishop,2914571740
T000475,David A. Trott,N00035607,,MI,repdavetrott,2869746172
D000624,Debbie Dingell,N00036149,,MI,RepDebDingell,2970279814
L000581,Brenda L. Lawrence,N00034068,,MI,RepLawrence,2863006655
E000294,Tom Emmer,N00035440,,MN,RepTomEmmer,2914515430
R000603,David Rouzer,N00033527,,NC,RepDavidRouzer,834069080
M001193,Thomas MacArthur,N00036155,,NJ,RepTomMacArthur,2962994194
W000822,Bonnie Watson Coleman,N00036158,,NJ,RepBonnie,2968451607
Z000017,Lee M. Zeldin,N00029404,,NY,RepLeeZeldin,2750127259
R000602,Kathleen M. Rice,N00035927,,NY,RepKathleenRice,2970462034
S001196,Elise M. Stefanik,N00035523,,NY,RepStefanik,2962813893
K000386,John Katko,N00035934,,NY,RepJohnKatko,2966765501
R000604,Steve Russell,N00036175,,OK,RepRussell,2966758114
C001106,Ryan A. Costello,N00031064,,PA,RepRyanCostello,2953922782
B001296,Brendan F. Boyle,N00035307,,PA,CongBoyle,4304448314
R000601,John Ratcliffe,N00035972,,TX,RepRatcliffe,2847221717
H001073,Will Hurd,N00031417,,TX,hurdonthehill,2963445730
B001291,Brian Babin,N00005736,,TX,RepBrianBabin,2929491549
L000584,Mia B. Love,N00033842,,UT,repmialove,2976598347
B001292,"Donald S. Beyer, Jr.",N00036018,,VA,repdonbeyer,2962868158
C001105,Barbara Comstock,N00036023,,VA,RepComstock,2933760046
P000610,Stacey E. Plaskett,N00035000,,VI,staceyplaskett,2724095695
N000189,Dan Newhouse,N00036403,,WA,RepNewhouse,2930635215
G000576,Glenn Grothman,N00036409,,WI,RepGrothman,2976606250
M001195,Alexander X. Mooney,N00033814,,WV,RepAlexMooney,2964526557
J000297,Evan H. Jenkins,N00035531,,WV,RepEvanJenkins,2953713339
R000600,Aumua Amata Coleman Radewagen,N00007635,,AS,RepAmata,3026622545
S001198,Dan Sullivan,N00035774,,AK,SenDanSullivan,2891210047
P000612,David Perdue,N00035516,,GA,sendavidperdue,2863210809
E000295,Joni Ernst,N00035483,,IA,SenJoniErnst,2856787757
T000476,Thom Tillis,N00035492,,NC,senthomtillis,2964174789
R000605,Mike Rounds,N00035187,,SD,SenatorRounds,2955485182
W000819,Mark Walker,N00035311,,NC,RepMarkWalker,2966205003
S001197,Ben Sasse,N00035544,,NE,SenSasse,2962923040
D000625,"Daniel M. Donovan, Jr.",N00036928,,NY,RepDanDonovan,3353670647
K000388,Trent Kelly,N00037003,,MS,reptrentkelly,3317799825
L000585,Darin LaHood,N00037031,,IL,RepLaHood,3686482216
D000626,Warren Davidson,N00038767,,OH,WarrenDavidson,742735530287304704
H001050,Colleen Hanabusa,N00025881,https://hanabusa.house.gov/rss.xml,HI,RepHanabusa,235373000
C001108,James Comer,N00038260,https://comer.house.gov/rss.xml,KY,,
E000296,Dwight Evans,N00038450,https://evans.house.gov/rss.xml,PA,RepDwightEvans,90639372
H001075,Kamala D. Harris,N00036915,,CA,,
K000393,John Kennedy,N00026823,,LA,SenJohnKennedy,816683274076614656
H001076,Margaret Wood Hassan,N00038397,,NH,Senatorhassan,946549322
C001113,Catherine Cortez Masto,N00037161,,NV,sencortezmasto,811313565760163844
S001190,Bradley Scott Schneider,N00033101,http://schneider.house.gov/rss.xml,IL,repschneider,1071840474
S001170,Carol Shea-Porter,N00028091,http://shea-porter.house.gov/rss.xml,NH,repsheaporter,126171100
O000171,Tom O'Halleran,N00037515,,AZ,repohalleran,808416682972770304
B001302,Andy Biggs,N00039293,,AZ,RepAndyBiggsAZ,816652616625168388
K000389,Ro Khanna,N00026427,,CA,RepRoKhanna,816298918468259841
P000613,Jimmy Panetta,N00038601,,CA,RepJimmyPanetta,796736612554117120
C001112,Salud O. Carbajal,N00037015,,CA,RepCarbajal,816157667882373120
B001300,Nanette Diaz Barragán,N00037019,,CA,RepBarragan,816833925456789505
C001110,J. Luis Correa,N00037260,,CA,reploucorrea,815985039485837312
B001303,Lisa Blunt Rochester,N00038414,,DE,RepBRochester,817050219007328258
G000578,Matt Gaetz,N00039503,,FL,Rep_Matt_Gaetz,818948638890217473
D000628,Neal P. Dunn,N00037442,,FL,drnealdunnfl2,815952318487298048
R000609,John H. Rutherford,N00039777,,FL,RepRutherfordFL,828977216595849216
L000586,"Al Lawson, Jr.",N00030642,,FL,RepAlLawsonJr,818472418620608512
M001202,Stephanie N. Murphy,N00040133,,FL,RepStephMurphy,796183515998068736
S001200,Darren Soto,N00037422,,FL,RepDarrenSoto,818713465653051392
D000627,Val Butler Demings,N00033449,,FL,RepValDemings,798973032362606600
C001111,Charlie Crist,N00002942,,FL,repcharliecrist,816030424778543104
M001199,Brian J. Mast,N00037269,,FL,repbrianmast,814103950404239360
R000607,Francis Rooney,N00040007,,FL,RepRooney,816111677917851649
F000465,A. Drew Ferguson IV,N00039090,,GA,RepDrewFerguson,806583915012046854
K000391,Raja Krishnamoorthi,N00033240,,IL,congressmanraja,814179031956488192
B001299,Jim Banks,N00037185,,IN,RepJimBanks,816131319033950208
H001074,Trey Hollingsworth,N00038429,,IN,reptrey,811986281177772032
M001198,Roger W. Marshall,N00037034,,KS,RepMarshall,752364246218862592
H001077,Clay Higgins,N00039953,,LA,RepClayHiggins,843636970538618880
J000299,Mike Johnson,N00039106,,LA,RepMikeJohnson,827279765287559171
B001304,Anthony G. Brown,N00036999,,MD,RepAnthonyBrown,823552974253342721
R000606,Jamie Raskin,N00037036,,MD,repraskin,806906355214852096
B001301,Jack Bergman,N00039533,,MI,RepJackBergman,815241612154417152
M001201,Paul Mitchell,N00036274,,MI,RepPaulMitchell,811632636598910976
L000587,Jason Lewis,N00038400,,MN,RepJasonLewis,816047090849746945
B001305,Ted Budd,N00039551,,NC,RepTedBudd,817138492614524928
B001298,Don Bacon,N00037049,,NE,repdonbacon,818975124460335106
G000583,Josh Gottheimer,N00036944,,NJ,RepJoshG,815310506596691968
R000608,Jacky Rosen,N00038734,,NV,repjackyrosen,818554054309715969
K000390,Ruben Kihuen,N00033530,,NV,RepKihuen,816282029276938240
S001201,Thomas R. Suozzi,N00038742,,NY,RepTomSuozzi,816705409486618624
E000297,Adriano Espaillat,N00034549,,NY,RepEspaillat,817076257770835968
F000464,John J. Faso,N00037288,,NY,RepJohnFaso,815931811348017152
T000478,Claudia Tenney,N00036351,,NY,RepTenney,797201048490430465
F000466,Brian K. Fitzpatrick,N00038779,,PA,repbrianfitz,816303263586914304
S001199,Lloyd Smucker,N00038781,,PA,RepSmucker,41417564
G000582,Jenniffer González-Colón,N00037615,,PR,repjenniffer,819744763020775425
K000392,David Kustoff,N00025445,,TN,repdavidkustoff,816012124505931780
G000581,Vicente Gonzalez,N00038809,,TX,RepGonzalez,818536152588238849
A000375,Jodey C. Arrington,N00038285,,TX,RepArrington,816284664658874368
T000477,Scott Taylor,N00031263,,VA,RepScottTaylor,837722935095930883
M001200,A. Donald McEachin,N00039327,,VA,RepMcEachin,816181091673448448
G000580,"Thomas A. Garrett, Jr.",N00038847,,VA,Rep_Tom_Garrett,818460870573441028
J000298,Pramila Jayapal,N00038858,,WA,RepJayapal,815733290955112448
G000579,Mike Gallagher,N00039330,,WI,RepGallagher,815966620300480514
C001109,Liz Cheney,N00035504,,WY,RepLizCheney,816719802328715264
S001202,Luther Strange,,,AL,SenatorStrange,829794295355940866
